JD,Magnitude,Uncertainty,HQuncertainty,Band,Observer Code,Comment Code(s),Comp Star 1,Comp Star 2,Charts,Comments,Transfomed,Airmass,Validation Flag,Cmag,Kmag,HJD,Star Name,Observer Affiliation,Measurement Method,Grouping Method,ADS Reference,Digitizer,Credit
2457681.98542,11.0,,,Vis.,PEX,,107,116,X16815DT,,,,Z,,,,TCP J18102829-2729590,AAVSO,STD,,,,
2457682.5634,10.96,0.08,,B,OCN,,100,103,X16822OP,Very high air mass at time of obs.,0,2.71,Z,10.707,10.416,,TCP J18102829-2729590,AAVSO,STD,,,,
2457682.98056,9.9,,,Vis.,PEX,U,96,103,X16815DT,,,,Z,,,,TCP J18102829-2729590,AAVSO,STD,,,,
2457683.00,9.5,,,Vis.,BNK,Y,91,100,X16822IS,,,,Z,,,,V5855 SGR,AAVSO,STD,,,,
2457683.03125,9.8,,,Vis.,PEX,U,96,103,X16815DT,,,,Z,,,,TCP J18102829-2729590,AAVSO,STD,,,,
2457683.49306,9.1,,,Vis.,ACN,U,91,96,X16815DM,,,,Z,,,,TCP J18102829-2729590,REA,STD,,,,
2457683.5488,9.51,0.03,,B,OCN,,91,96,X16822OP,iT21. Very high air mass.,0,2.51,Z,9.233,9.885,,TCP J18102829-2729590,AAVSO,STD,,,,
2457683.5499,8.92,0.03,,V,OCN,,91,96,X16822OP,iT21. Very high air mass.,0,2.53,Z,9.124,9.623,,TCP J18102829-2729590,AAVSO,STD,,,,
2457683.5599,8.622,0.06,,R,OCN,,91,96,X16822OP,iT21. Rc values for 91 and 96 are approx.,0,2.70,Z,9.100,9.500,,TCP J18102829-2729590,AAVSO,STD,,,,
2457683.5611,8.27,0.05,,I,OCN,,96,91,X16822OP,iT21.  Ic mags for 91 and 96 comps are approx.,0,2.72,Z,9.458,9.050,,TCP J18102829-2729590,AAVSO,STD,,,,
2457683.9792,8.6,,,Vis.,PEX,U,86,,X16815DS,,,,Z,,,,TCP J18102829-2729590,AAVSO,STD,,,,
2457684.0535,8.7,,,Vis.,PEX,U,86,91,X16815DS,,,,Z,,,,TCP J18102829-2729590,AAVSO,STD,,,,
2457684.58333,8.4,,,Vis.,COL,L,8.6,8.0,X16832J,"""trouble with finding 8.6 comp, also used  9.1""",,,Z,,,,TCP J18102829-2729590,AAVSO,STD,,,,
2457684.90795,8.038,0.005,,V,BHQ,,100,91,X16832BAY,,0,1.558,Z,-9.229,-10.115,,TCP J18102829-2729590,VSS,STD,,,,
2457684.91097,8.751,0.007,,B,BHQ,,100,91,X16832BAY,,0,1.588,Z,-8.089,-9.459,,TCP J18102829-2729590,VSS,STD,,,,
2457684.9566,8.62,0.03,,B,OCN,,91,96,X16822OP,iT17,0,2.15,Z,9.233,9.885,,TCP J18102829-2729590,AAVSO,STD,,,,
2457684.9580,8.02,0.02,,V,OCN,,91,96,X16822OP,iT17,0,2.18,Z,9.124,9.623,,TCP J18102829-2729590,AAVSO,STD,,,,
2457684.9590,7.65,0.05,,R,OCN,,91,96,X16822OP,Rc mags for comps are approx. iT17,0,2.20,Z,9.100,9.500,,TCP J18102829-2729590,AAVSO,STD,,,,
2457684.98472,8.0,,,Vis.,PEX,,79,86,X16815DS,,,,Z,,,,TCP J18102829-2729590,AAVSO,STD,,,,
2457685.00082,8.0,,,Vis.,BDJB,B,79,80,X16832JX,"""8\"" SCT, 82x mag""",,,Z,,,,TCP J18102829-2729590,ASSAU,STD,,,,
2457685.49236,7.8,,,Vis.,SLH,,75,79,x16815dv,,,,Z,,,,TCP J18102829-2729590,AAVSO,STD,,,,
2457685.8858,8.71,0.04,,B,OCN,,91,96,X16822OP,iT9,0,1.34,Z,9.233,9.885,,TCP J18102829-2729590,AAVSO,STD,,,,
2457685.8862,7.89,0.04,,V,OCN,,91,96,X16822OP,iT9,0,1.34,Z,9.124,9.623,,TCP J18102829-2729590,AAVSO,STD,,,,
2457685.8867,7.47,0.09,,R,OCN,,91,96,X16822OP,iT9. Rc mags for comps are approximate.,0,1.35,Z,9.100,9.500,,TCP J18102829-2729590,AAVSO,STD,,,,
2457685.8871,7.84,0.06,,CV,OCN,,91,96,X16822OP,iT9. NOT unfiltered but Luminance filter with neutral colored comps.,0,1.35,Z,9.124,9.623,,TCP J18102829-2729590,AAVSO,STD,,,,
2457685.92292,7.858,0.006,,V,BHQ,,100,91,X16832BAY,,0,1.763,Z,-9.090,-10.039,,TCP J18102829-2729590,VSS,STD,,,,
2457685.92427,8.743,0.008,,B,BHQ,,100,91,X16832BAY,,0,1.780,Z,-7.921,-9.350,,TCP J18102829-2729590,VSS,STD,,,,
2457686.04306,7.9,,,Vis.,PEX,U,72,80,X16815DS,,,,Z,,,,TCP J18102829-2729590,AAVSO,STD,,,,
2457686.28819,7.8,,,Vis.,PLA,,7.5,7.9,X16832GH,Binocular 20x80,,,Z,,,,TCP J18102829-2729590,REA,STD,,,,
2457686.31111,7.5,,,Vis.,BLD,,75,,C16833OA,,,,Z,,,,TCP J18102829-2729590,ASSA,STD,,,,
2457686.41279,7.7,,,Vis.,SBN,,75,79,X16863GL,,,,Z,,,,TCP J18102829-2729590,REA,STD,,,,
2457686.41358,7.7,,,Vis.,PRJA,,000-BCB-437,000-BCB-443,X16833NV,,,,Z,,,,TCP J18102829-2729590,AAVSO,STD,,,,
2457686.49236,7.9,,,Vis.,SLH,,79,80,x16832baq,,,,Z,,,,TCP J18102829-2729590,AAVSO,STD,,,,
2457686.5222,7.8,,,Vis.,BZX,,7.5,7.9,X16834BT,lighting storm interference,,,Z,,,,TCP J18102829-2729590,,STD,,,,
2457686.53831,7.9,,,TG,GJED,,ENSEMBLE,000-BCB-474,X16838I,,1,,Z,na,7.145,,TCP J18102829-2729590,AAVSO,STD,,,,
2457686.88470,7.916,0.005,,V,BHQ,,100,91,X16832BAY,,0,1.405,Z,-9.162,-10.069,,TCP J18102829-2729590,VSS,STD,,,,
2457686.88591,9.094,0.007,,B,BHQ,,100,91,X16832BAY,,0,1.413,Z,-8.058,-9.427,,TCP J18102829-2729590,VSS,STD,,,,
2457686.89794,7.085,0.024,,R,BHQ,,124,STAR 1,X16852EQ,,0,1.514,Z,-7.223,-10.433,,TCP J18102829-2729590,VSS,STD,,,,
2457686.89853,6.521,0.024,,I,BHQ,,124,STAR 1,X16852EQ,,0,1.520,Z,-6.532,-9.896,,TCP J18102829-2729590,VSS,STD,,,,
2457686.90556,7.8,,,Vis.,WCG,,75,79,X16833NS,,,,Z,,,,TCP J18102829-2729590,AAVSO,STD,,,,
2457687.00,8.2,,,Vis.,BNK,,79,91,'',,,,Z,,,,V5855 SGR,AAVSO,STD,,,,
2457687.09722,8.2,,,Vis.,PEX,,80,86,X16815DS,,,,Z,,,,TCP J18102829-2729590,AAVSO,STD,,,,
2457687.20833,8.1,,,Vis.,BLD,,79,,X16833OA,,,,Z,,,,TCP J18102829-2729590,ASSA,STD,,,,
2457687.47917,8.1,,,Vis.,PLA,,7.5,7.9,X16832GH,Binocular 20x80,,,Z,,,,TCP J18102829-2729590,REA,STD,,,,
2457687.48542,8.2,,,Vis.,SLH,,80,86,x16832baq,,,,Z,,,,TCP J18102829-2729590,AAVSO,STD,,,,
2457687.53681,8.3,,,TG,GJED,,ENSEMBLE,000-BCB-439,X16851LS,,1,,Z,na,9.979,,TCP J18102829-2729590,AAVSO,STD,,,,
2457687.56944,8.4,,,Vis.,BJOD,V,79,86,X16844U,"""Clearly brighter than the field comparison star at +8.6, and enough to make me think it was on the order of at least 0.1 mag brighter, but more likely 0.2 mag.""",,,Z,,,,TCP J18102829-2729590,,STD,,,,
2457687.57500,<7.9,,,Vis.,SSHA,UV,79,,X16838AK,,,,Z,,,,TCP J18102829-2729590,AAVSO,STD,,,,
2457687.98611,8.5,,,Vis.,PEX,,80,86,X16815DS,,,,Z,,,,TCP J18102829-2729590,AAVSO,STD,,,,
2457688.00,8.2,,,Vis.,BNK,,79,91,'',,,,Z,,,,V5855 SGR,AAVSO,STD,,,,
2457688.01968,8.1,,,Vis.,BDJB,BUL,80,86,X16832JX,"""LX-90 8\"" SCT, 82x""",,,Z,,,,TCP J18102829-2729590,ASSAU,STD,,,,
2457688.23264,8.08,,,Vis.,DMIB,,7.9,8.6,X16832KM,Bino 25x126mm,,,Z,,,,TCP J18102829-2729590,AAVSO,STD,,,,
2457688.24792,8.15,,,Vis.,DMIB,,8.0,8.6,X16832KM,Bino 25x126mm,,,Z,,,,TCP J18102829-2729590,AAVSO,STD,,,,
2457688.40972,8.2,,,Vis.,PLA,,7.9,9.1,X16832GH,Maksutov 90mm,,,Z,,,,TCP J18102829-2729590,REA,STD,,,,
2457688.97834,8.3,,,Vis.,BDJB,BWL,80,86,X16832JX,"LX-90 8"" SCT 82x",,,Z,,,,TCP J18102829-2729590,ASSAU,STD,,,,
2457688.9875,8.4,,,Vis.,PEX,,80,86,X16815DT,,,,Z,,,,TCP J18102829-2729590,AAVSO,STD,,,,
2457689.22778,8.18,,,Vis.,DMIB,,7.9,8.6,X16832KM,Bino 25x126mm,,,Z,,,,TCP J18102829-2729590,AAVSO,STD,,,,
2457689.23542,8.18,,,Vis.,DMIB,,7.9,8.6,X16832KM,Bino 25x126mm,,,Z,,,,TCP J18102829-2729590,AAVSO,STD,,,,
2457689.26389,8.1,,,Vis.,BLD,,79,,X16833OA,,,,Z,,,,TCP J18102829-2729590,ASSA,STD,,,,
2457689.27083,8.3,,,Vis.,OJR,,79,83, X16838BI,,,,Z,,,,TCP J18102829-2729590,,STD,,,,
2457689.32083,7.5,,,Vis.,PMB,,7.5,4.6,X16838KB,Binoculars,,,Z,,,,TCP J18102829-2729590,AAVSO,STD,,,,
2457689.41652,7.9,,,Vis.,SBN,,75,79,X16863GL,,,,Z,,,,TCP J18102829-2729590,REA,STD,,,,
2457689.4493,8.3,,,Vis.,AAX,,83,85,X16815EF,,,,Z,,,,TCP J18102829-2729590,NEOA-JBS,STD,,,,
2457689.4986,7.43,,,Vis.,BZX,,7.2,7.5,X16834BT,,,,Z,,,,TCP J18102829-2729590,,STD,,,,
2457689.54269,8.234,0.005,,V,ELYA,,ENSEMBLE,91,X16866AHM,,0,3.317,Z,,9.074,,TCP J18102829-2729590,AAVSO,STD,1,,,
2457689.95347,8.1,,,Vis.,SANG,UL,7.9,8.6,x16891pi,sky hazy and star low. stellarium was used since the aavso chart has no nearby comparison stars. i corrected this after finally generating an aavso chart which shows exactly the same starss' magnitudes.,,,Z,,,,TCP J18102829-2729590,AAVSO,STD,,,,
2457689.96972,8.0,,,Vis.,BDJB,BUL,79,80,X16832JX,"""LX-90 8\"" SCT, 82x""",,,Z,,,,TCP J18102829-2729590,ASSAU,STD,,,,
2457690.21181,7.9,,,Vis.,BLD,,79,,X16838LO,,,,Z,,,,TCP J18102829-2729590,ASSA,STD,,,,
2457690.23750,8.1,,,Vis.,TUO,WL,7.9,8.6,X16838CN,"Schmidt-Cassegrain 8"" 81X SMA25",,,Z,,,,TCP J18102829-2729590,AAVSO,STD,,,,
2457690.25069,7.83,,,Vis.,DMIB,,7.5,7.9,X16832KM,Bino 25x126mm - Purkinje effect is important,,,Z,,,,TCP J18102829-2729590,AAVSO,STD,,,,
2457690.25833,7.6,,,Vis.,DMIB,,7.5,7.9,X16832KM,Bino 25x126mm - important Purkinje effect,,,Z,,,,TCP J18102829-2729590,AAVSO,STD,,,,
2457690.26042,7.55,,,Vis.,DMIB,,7.2,7.9,X16832KM,Bino 25x126mm - important Purkinje effect,,,Z,,,,TCP J18102829-2729590,AAVSO,STD,,,,
2457690.37940,7.95,,,Vis.,SBN,,79,86,X16863GL,,,,Z,,,,TCP J18102829-2729590,REA,STD,,,,
2457690.4500,8.1,,,Vis.,AAX,,80,83,X16815EF,,,,Z,,,,TCP J18102829-2729590,NEOA-JBS,STD,,,,
2457690.4792,8.3,,,Vis.,MOW,,79,86,X16838KB,,,,Z,,,,TCP J18102829-2729590,AAVSO,STD,,,,
2457690.4958,7.5,,,Vis.,BZX,,7.2,7.5,X16834BT,,,,Z,,,,TCP J18102829-2729590,,STD,,,,
2457690.49653,7.8,,,Vis.,WWK,B,7.5,7.9,X16833D,10x50B,,,Z,,,,TCP J18102829-2729590,AAVSO,STD,,,,
2457690.50139,8.1,,,TG,GJED,,ENSEMBLE,000-BCB-474,X16871S,"""Estimated magnitude for check star was 7.214, which represents an error of +0.01mag.""",1,,Z,na,-14.239,,TCP J18102829-2729590,AAVSO,STD,,,,
2457690.95625,8.1,,,Vis.,SANG,,7.9,8.6,x16891pi,,,,Z,,,,TCP J18102829-2729590,AAVSO,STD,,,,
2457690.99861,8.2,,,Vis.,PEX,,80,86,X16815DS,,,,Z,,,,TCP J18102829-2729590,AAVSO,STD,,,,
2457691.23611,7.4,,,Vis.,CKLA,,72,75,x16871qa,,,,Z,,,,TCP J18102829-2729590,AAVSO,STD,,,,
2457691.24167,8.02,,,Vis.,DMIB,,7.9,8.6,X16832KM,Bino 25x126mm,,,Z,,,,TCP J18102829-2729590,AAVSO,STD,,,,
2457691.25069,7.80,,,Vis.,DMIB,,7.5,7.9,X16832KM,Bino 25x126mm,,,Z,,,,TCP J18102829-2729590,AAVSO,STD,,,,
2457691.25208,7.77,,,Vis.,DMIB,,7.5,7.9,X16832KM,Bino 25x126mm,,,Z,,,,TCP J18102829-2729590,AAVSO,STD,,,,
2457691.25903,7.70,,,Vis.,DMIB,,7.5,7.9,X16832KM,Bino 25x126mm,,,Z,,,,TCP J18102829-2729590,AAVSO,STD,,,,
2457691.2694,8.2,,,Vis.,LCR,,79,"""86,89""",X16832KM,,,,Z,,,,TCP J18102829-2729590,AASABADELL,STD,,,,
2457691.27431,7.7,,,Vis.,AJV,,75,79,x16871sy,,,,Z,,,,TCP J18102829-2729590,AASABADELL,STD,,,,
2457691.43750,8.2,,,Vis.,PMB,,7.5,8.0,X16838KB,Seen with Binoculars under excellent skies at the Eldorado Star Party.  Was able to show it to others.,,,Z,,,,TCP J18102829-2729590,AAVSO,STD,,,,
2457691.55278,8.3,,,Vis.,LMTA,,79,86,X23188QY,,,,Z,,,,V5855 SGR,AAVSO,STD,,,,
2457691.56544,7.748,.1,,V,MCHC,,HD 166022,HD 166196,X16871XL,,0,,Z,10.518,9.122,,TCP J18102829-2729590,,STD,,,,
2457691.57300,7.8,,,Vis.,MKK,,75,79,X16844AD,Brighter than expected!  No color.,,,Z,,,,TCP J18102829-2729590,AAVSO,STD,,,,
2457691.95347,8.0,,,Vis.,SANG,,7.9,8.6,x16891pi,,,,Z,,,,TCP J18102829-2729590,AAVSO,STD,,,,
2457692.21181,8.1,,,Vis.,BLD,,79,,X16838LO,,,,Z,,,,TCP J18102829-2729590,ASSA,STD,,,,
2457692.23025,7.804,0.06,,CV,LPAD,B,000-BCB-535,000-BCB-474,X16889D,Error 0.06 is the standard deviation from 50 measures.,0,5.3,Z,9.124,7.204,,TCP J18102829-2729590,AAVSO,STD,,,,
2457692.24653,7.77,,,Vis.,DMIB,,7.5,7.9,X16832KM,Bino 25x126mm,,,Z,,,,TCP J18102829-2729590,AAVSO,STD,,,,
2457692.24654,8.64,0.083,,TB,LPAD,B,000-BCB-489,000-BCB-474,X16892BN,"""Created with PRISM V10.1.18 and C-Munipack 2.1.14, SCOPE TAKAHASHI FSQ106 and CCD QSI583WS""",0,5.4,Z,10.707,7.204,,TCP J18102829-2729590,AAVSO,STD,,,,
2457692.24861,7.68,,,Vis.,DMIB,,7.2,8.0,X16832KM,Bino 25x126mm,,,Z,,,,TCP J18102829-2729590,AAVSO,STD,,,,
2457692.26111,7.80,,,Vis.,DMIB,,7.5,7.9,X16832KM,Bino 25x126mm,,,Z,,,,TCP J18102829-2729590,AAVSO,STD,,,,
2457692.31250,8.0,,,Vis.,JJNA,V,TYCHO-2 6851-6563-1,,X16883F,,,,Z,,,,TCP J18102829-2729590,AAVSO,STD,,,,
2457692.47708,7.9,,,Vis.,WWK,B,7.9,8.0,X16833D,10x50B,,,Z,,,,TCP J18102829-2729590,AAVSO,STD,,,,
2457692.47917,7.9,,,Vis.,FFAD,,79,,X16871AOL,,,,Z,,,,TCP J18102829-2729590,,STD,,,,
2457692.4917,7.4,,,Vis.,BZX,,7.2,7.5,X16834BT,,,,Z,,,,TCP J18102829-2729590,,STD,,,,
2457692.94375,7.9,,,Vis.,WCG,,75,80,X16833NS,"10"" f/5 dob; x39",,,Z,,,,TCP J18102829-2729590,AAVSO,STD,,,,
2457692.98056,8.0,,,Vis.,PEX,U,80,,X16815DT,,,,Z,,,,TCP J18102829-2729590,AAVSO,STD,,,,
2457692.989,8.1,,,Vis.,BNK,,79,91,'',,,,Z,,,,V5855 SGR,AAVSO,STD,,,,
2457693.22917,7.0,,,Vis.,CKLA,,72,,x16871qa,,,,Z,,,,TCP J18102829-2729590,AAVSO,STD,,,,
2457693.26250,7.50,,,Vis.,DMIB,,7.5,,X16832KM,Bino 25x126mm,,,Z,,,,TCP J18102829-2729590,AAVSO,STD,,,,
2457693.26944,7.4,,,Vis.,DMIB,,7.4,,X16832KM,Bino 25x126mm,,,Z,,,,TCP J18102829-2729590,AAVSO,STD,,,,
2457693.27083,8.2,,,Vis.,OJR,,79,83,X16838BJ,,,,Z,,,,TCP J18102829-2729590,,STD,,,,
2457693.31250,8.2,,,Vis.,PMB,,7.5,8.6,X16838KB,,,,Z,,,,TCP J18102829-2729590,AAVSO,STD,,,,
2457693.47292,7.9,,,Vis.,WWK,B,7.9,8.0,X16833D,10x50B,,,Z,,,,TCP J18102829-2729590,AAVSO,STD,,,,
2457693.47917,7.9,,,Vis.,FFAD,,79,,X16871AOL,,,,Z,,,,TCP J18102829-2729590,,STD,,,,
2457693.4986,7.4,,,Vis.,BZX,,7.2,7.5,X16834BT,,,,Z,,,,TCP J18102829-2729590,,STD,,,,
2457693.49861,7.6,,,Vis.,MCPA,,75,79,X16832KM,,,,Z,,,,TCP J18102829-2729590,AAVSO,STD,,,,
2457693.53994,7.837,0.009,,V,ELYA,,ENSEMBLE,91,X16866AHM,,0,3.655,Z,,9.031,,TCP J18102829-2729590,AAVSO,STD,1,,,
2457693.56181,7.8,,,Vis.,SSHA,,75,79,X16838AK,,,,Z,,,,TCP J18102829-2729590,AAVSO,STD,,,,
2457693.91458,8.0,,,Vis.,WCG,,75,86,X16833NS,"10"" f/5 dob; x39",,,Z,,,,TCP J18102829-2729590,AAVSO,STD,,,,
2457693.91503,7.941,0.005,,V,BHQ,,100,91,X16832BAY,,0,1.978,Z,-9.069,-9.993,,TCP J18102829-2729590,VSS,STD,,,,
2457693.91770,8.626,0.005,,B,BHQ,,100,91,X16832BAY,,0,2.022,Z,-7.597,-8.976,,TCP J18102829-2729590,VSS,STD,,,,
2457693.92803,6.879,0.029,,R,BHQ,,124,STAR 1,X16852EQ,,0,2.256,Z,-6.946,-10.352,,TCP J18102829-2729590,VSS,STD,,,,
2457693.92887,5.807,0.037,,I,BHQ,,124,STAR 1,X16852EQ,,0,2.275,Z,-5.929,-9.804,,TCP J18102829-2729590,VSS,STD,,,,
2457693.9896,7.9,,,Vis.,PEX,,72,80,X16815DS,,,,Z,,,,TCP J18102829-2729590,AAVSO,STD,,,,
2457694.21181,7.7,,,Vis.,BLD,,75,79,Z16838LO,,,,Z,,,,TCP J18102829-2729590,ASSA,STD,,,,
2457694.22569,8.02,,,Vis.,DMIB,B,7.9,8.6,X16832KM,Bino Vixen 25x126mm,,,Z,,,,TCP J18102829-2729590,AAVSO,STD,,,,
2457694.23056,7.90,,,Vis.,DMIB,B,7.9,,X16832KM,Bino Vixen 25x126mm,,,Z,,,,TCP J18102829-2729590,AAVSO,STD,,,,
2457694.23958,7.83,,,Vis.,DMIB,,7.5,7.9,X16832KM,Bino Vixen 25x126mm,,,Z,,,,TCP J18102829-2729590,AAVSO,STD,,,,
2457694.4306,7.8,,,Vis.,AAX,,77,78,X16815EF,,,,Z,,,,TCP J18102829-2729590,NEOA-JBS,STD,,,,
2457694.43403,7.8,,,Vis.,PLA,,7.5,7.9,X16832GH,Maksutov 90mm,,,Z,,,,TCP J18102829-2729590,REA,STD,,,,
2457694.47569,7.9,,,Vis.,WWK,B,7.9,8.0,X16833D,10x50B,,,Z,,,,TCP J18102829-2729590,AAVSO,STD,,,,
2457694.4875,7.8,,,Vis.,BZX,,7.5,7.9,X16834BT,,,,Z,,,,TCP J18102829-2729590,,STD,,,,
2457694.50278,7.8,,,TG,GJED,,ENSEMBLE,000-BCB-535,X16894AAU,Estimated magnitude of check star is 9.058 (-->error of -0.066),0,,Z,na,-14.336,,TCP J18102829-2729590,AAVSO,STD,,,,
2457694.55347,7.8,,,Vis.,MCPA,,79,75,X16833OG,,,,Z,,,,TCP J18102829-2729590,AAVSO,STD,,,,
2457695.0083,8.0,,,Vis.,PEX,U,80,,X16815DS,,,,Z,,,,TCP J18102829-2729590,AAVSO,STD,,,,
2457695.24097,7.70,,,Vis.,DMIB,,7.5,7.9,X16832KM,Bino Vixen 25x126mm,,,Z,,,,TCP J18102829-2729590,AAVSO,STD,,,,
2457695.25486,7.80,,,Vis.,DMIB,,7.2,8.0,X16832KM,Bino Vixen 25x126mm,,,Z,,,,TCP J18102829-2729590,AAVSO,STD,,,,
2457695.43403,8.0,,,Vis.,PLA,,7.5,7.9,X16832GH,Binocular 20x80,,,Z,,,,TCP J18102829-2729590,REA,STD,,,,
2457695.47153,8.1,,,Vis.,GLG,,7.9,8.6,X16838KB,12x63 binocs on tripod,,,Z,,,,TCP J18102829-2729590,AAVSO,STD,,,,
2457696.23403,7.90,,,Vis.,DMIB,,7.9,,X16832KM,Bino Vixen 25x126mm,,,Z,,,,TCP J18102829-2729590,AAVSO,STD,,,,
2457696.24028,7.83,,,Vis.,DMIB,,7.5,7.9,X16832KM,Bino Vixen 25x126mm,,,Z,,,,TCP J18102829-2729590,AAVSO,STD,,,,
2457696.47153,8.2,,,Vis.,SLH,B,80,86,x16832baq,,,,Z,,,,TCP J18102829-2729590,AAVSO,STD,,,,
2457696.50000,8.3,,,Vis.,FFAD,,79,86,X16871AOL,,,,Z,,,,TCP J18102829-2729590,,STD,,,,
2457696.50833,8.25,,,TG,GJED,,ENSEMBLE,000-BCB-535,X16894AAU,Check star estimated mag: 9.062 (error: -0.062),0,,Z,na,-13.669,,TCP J18102829-2729590,AAVSO,STD,,,,
2457696.56042,8.4,,,Vis.,SSHA,B,83,86,X16838AK,,,,Z,,,,TCP J18102829-2729590,AAVSO,STD,,,,
2457696.9847,8.4,,,Vis.,PEX,,80,86,X16815DS,,,,Z,,,,TCP J18102829-2729590,AAVSO,STD,,,,
2457697.45000,8.2,,,Vis.,ACN,K,790,860; 910,X16815DM,,,,Z,,,,TCP J18102829-2729590,REA,STD,,,,
2457697.46875,8.3,,,Vis.,GLG,,7.9,8.6,X16838KB,12x63 binocs on tripod,,,Z,,,,TCP J18102829-2729590,AAVSO,STD,,,,
2457697.47917,8.2,,,Vis.,WWK,B,7.9,8.6,X16833D,"6"" f/5 Newt.",,,Z,,,,TCP J18102829-2729590,AAVSO,STD,,,,
2457697.49306,8.5,,,Vis.,ZXIA,BL,86,91,X16907FB,8 inch Dob,,,Z,,,,TCP J18102829-2729590,AAVSO,STD,,,,
2457698.4340,8.5,,,Vis.,AAX,,85,86,X16815EF,,,,Z,,,,TCP J18102829-2729590,NEOA-JBS,STD,,,,
2457698.46736,8.8,,,Vis.,GLG,,8.6,9.1,X16838KB,25x100 binocs on tripod,,,Z,,,,TCP J18102829-2729590,AAVSO,STD,,,,
2457698.47917,8.4,,,Vis.,FFAD,,86,,X16871AOL,,,,Z,,,,TCP J18102829-2729590,,STD,,,,
2457698.4792,9.10,,,Vis.,BZX,,9.1,9.6,X16834BT,,,,Z,,,,TCP J18102829-2729590,,STD,,,,
2457698.48056,8.3,,,Vis.,ACN,BUK,790,860,X16815DM,,,,Z,,,,TCP J18102829-2729590,REA,STD,,,,
2457698.90060,8.707,0.004,,V,BHQ,,100,91,X16832BAY,,1,1.966,Z,-8.524,-9.481,,TCP J18102829-2729590,VSS,STD,,,,
2457698.90287,9.198,0.004,,B,BHQ,,100,91,X16832BAY,,1,2.006,Z,-7.708,-9.126,,TCP J18102829-2729590,VSS,STD,,,,
2457698.94375,8.5,,,Vis.,SANG,U,7.9,8.6,x16891pi,,,,Z,,,,TCP J18102829-2729590,AAVSO,STD,,,,
2457698.94734,8.7,,,Vis.,BDJB,BL,86,89,X16832JX,"LX-90 8"" SCT 82x",,,Z,,,,TCP J18102829-2729590,ASSAU,STD,,,,
2457698.9924,8.8,,,Vis.,PEX,,86,91,X16815DS,,,,Z,,,,TCP J18102829-2729590,AAVSO,STD,,,,
2457699.23264,8.43,,,Vis.,DMIB,,7.9,8.6,X16832KM,Bino Vixen 25x126mm,,,Z,,,,TCP J18102829-2729590,AAVSO,STD,,,,
2457699.23958,8.37,,,Vis.,DMIB,,7.9,8.6,X16832KM,Bino Vixen 25x126mm,,,Z,,,,TCP J18102829-2729590,AAVSO,STD,,,,
2457699.25694,8.3,,,Vis.,PJJ,,80,86,X16889RO,,,,Z,,,,TCP J18102829-2729590,AASABADELL,STD,,,,
2457699.45486,8.6,,,Vis.,ACN,BUKV,860,790,X16815DM,,,,Z,,,,TCP J18102829-2729590,REA,STD,,,,
2457699.46389,9.0,,,Vis.,SLH,B,86,91,x16832baq,,,,Z,,,,TCP J18102829-2729590,AAVSO,STD,,,,
2457699.47153,8.9,,,Vis.,GLG,,8.6,9.1,X16838KB,25x100 binocs on tripod,,,Z,,,,TCP J18102829-2729590,AAVSO,STD,,,,
2457699.4722,8.8,,,Vis.,AAX,,86,89,X16815EF,,,,Z,,,,TCP J18102829-2729590,NEOA-JBS,STD,,,,
2457699.4750,8.9,,,Vis.,MOW,,86,91,X16838KB,,,,Z,,,,TCP J18102829-2729590,AAVSO,STD,,,,
2457699.5007,9.0,,,Vis.,BZX,,8.6,9.1,X16834BT,,,,Z,,,,TCP J18102829-2729590,,STD,,,,
2457699.95278,<8.6,,,Vis.,SANG,L,8.6,,x16891pi,cannot see the star but i do see the 8.6 comparison star.,,,Z,,,,TCP J18102829-2729590,AAVSO,STD,,,,
2457699.98556,9.0,,,Vis.,BDJB,BL,86,91,X16832JX,"""8\"" SCT, 82x""",,,Z,,,,TCP J18102829-2729590,ASSAU,STD,,,,
2457699.98889,9.0,,,Vis.,PEX,,88,91,X16815DS,,,,Z,,,,TCP J18102829-2729590,AAVSO,STD,,,,
2457700.23750,8.43,,,Vis.,DMIB,,7.9,8.6,X16832KM,Bino Vixen 25x126mm,,,Z,,,,TCP J18102829-2729590,AAVSO,STD,,,,
2457700.45833,<8.6,,,Vis.,ACN,BUK,860,,X16815DM,,,,Z,,,,TCP J18102829-2729590,REA,STD,,,,
2457700.46250,9.0,,,Vis.,GLG,,8.6,9.1,X16838KB,25x100 binocs on tripod,,,Z,,,,TCP J18102829-2729590,AAVSO,STD,,,,
2457700.46736,9.1,,,Vis.,GLG,,8.6,9.1,X16838KB,25x100 binocs on tripod,,,Z,,,,TCP J18102829-2729590,AAVSO,STD,,,,
2457700.47917,8.9,,,Vis.,FFAD,B,86,91,X16871AOL,,,,Z,,,,TCP J18102829-2729590,,STD,,,,
2457700.94097,8.9,,,Vis.,SANG,,8.6,9.1,X16891PI,,,,Z,,,,TCP J18102829-2729590,AAVSO,STD,,,,
2457701.23958,8.98,,,Vis.,DMIB,,8.6,9.1,X16832KM,Bino Vixen 25x126mm,,,Z,,,,TCP J18102829-2729590,AAVSO,STD,,,,
2457701.29167,9.1,,,Vis.,JJNA,V,TYCHO-2 6851-2154-1,,X16871KD,,,,Z,,,,TCP J18102829-2729590,AAVSO,STD,,,,
2457701.44097,8.8,,,Vis.,PLA,,8.6,9.1,X16851S,Binocular 20x80,,,Z,,,,TCP J18102829-2729590,REA,STD,,,,
2457701.93542,8.8,,,Vis.,SANG,,8.6,9.1,X16891PI,,,,Z,,,,TCP J18102829-2729590,AAVSO,STD,,,,
2457702.0028,9.4,,,Vis.,PEX,,91,96,X16815DS,,,,Z,,,,TCP J18102829-2729590,AAVSO,STD,,,,
2457702.4667,9.4,,,Vis.,MOW,,91,96,X16838KB,,,,Z,,,,TCP J18102829-2729590,AAVSO,STD,,,,
2457702.48681,9.2,,,TG,GJED,,ENSEMBLE,000-BCB-535,X16894AAU,Check estimated magnitude: 9.143 (error: +0.019),0,,Z,na,-13.951,,TCP J18102829-2729590,AAVSO,STD,,,,
2457702.53333,9.1,,,Vis.,MCPA,B,91,80,X16890D,,,,Z,,,,TCP J18102829-2729590,AAVSO,STD,,,,
2457703.00139,9.6,,,Vis.,PEX,,96,,X16815DT,,,,Z,,,,TCP J18102829-2729590,AAVSO,STD,,,,
2457703.46389,9.6,,,Vis.,SLH,,96,100,x16832baq,,,,Z,,,,TCP J18102829-2729590,AAVSO,STD,,,,
2457703.46528,<8.6,,,Vis.,ACN,BUK,860,,X16815DM,,,,Z,,,,TCP J18102829-2729590,REA,STD,,,,
2457705.46875,10.1,,,Vis.,FFAD,B,100,,X16871AOL,,,,Z,,,,TCP J18102829-2729590,,STD,,,,
2457705.49387,9.9,,,TG,GJED,L,ENSEMBLE,000-BCB-535,X16894AAU,Check star mag: 9.124 (->err: -0.077),0,,Z,na,-12.734,,TCP J18102829-2729590,AAVSO,STD,,,,
2457706.00625,9.9,,,Vis.,PEX,B,96,100,X16815DT,,,,Z,,,,TCP J18102829-2729590,AAVSO,STD,,,,
2457706.48611,10.0,,,TG,GJED,BL,ENSEMBLE,000-BCB-535,X16894AAU,Check star mag:9.124 (->err:-0.076),0,,Z,na,-13.914,,TCP J18102829-2729590,AAVSO,STD,,,,
2457706.9965,10.1,,,Vis.,PEX,B,100,,X16815DT,,,,Z,,,,TCP J18102829-2729590,AAVSO,STD,,,,
2457707.88464,10.440,0.005,,V,BHQ,,100,91,X16832BAY,,1,2.131,Z,-8.891,-9.777,,TCP J18102829-2729590,VSS,STD,,,,
2457707.88572,10.956,0.008,,B,BHQ,,100,91,X16832BAY,,1,2.152,Z,-7.904,-9.240,,TCP J18102829-2729590,VSS,STD,,,,
2457708.48403,10.4,,,TG,GJED,BL,ENSEMBLE,000-BCB-535,X16894AAU,Check star mag:9.040 (->err: -0.084),0,,Z,na,-13.491,,TCP J18102829-2729590,AAVSO,STD,,,,
2457709.92500,10.5,,,Vis.,WCG,BW,100,107,X16833D,"10"" f/5 dob; x39. Low altitude; Twilight.",,,Z,,,,TCP J18102829-2729590,AAVSO,STD,,,,
2457709.9944,10.8,,,Vis.,PEX,,107,,X16815DS,,,,Z,,,,TCP J18102829-2729590,AAVSO,STD,,,,
2457713.0111,11.1,,,Vis.,PEX,B,107,112,X16815DS,,,,Z,,,,TCP J18102829-2729590,AAVSO,STD,,,,
2457713.47917,11.2,,,TG,GJED,L,ENSEMBLE,000-BCB-535,X16894AAU,Check star mag:9.024 (->err: +0.100),0,,Z,na,-12.889,,TCP J18102829-2729590,AAVSO,STD,,,,
2457714.0014,11.2,,,Vis.,PEX,,112,,X16815DS,,,,Z,,,,TCP J18102829-2729590,AAVSO,STD,,,,
2457716.46875,10.8,,,Vis.,FFAD,BL,113,,X16871AOL,,,,Z,,,,TCP J18102829-2729590,,STD,,,,
2457719.47153,12.2,,,TG,GJED,BUL,ENSEMBLE,000-BCB-535,X16894AAU,Check mag: 8.878 (->err -0.246). Very bad conditions.,0,,Z,na,-12.183,,TCP J18102829-2729590,AAVSO,STD,,,,
2457810.312,13.7,,,Vis.,BNK,Z,134,,X17279JM,,,,Z,,,,V5855 SGR,AAVSO,STD,,,,
2457810.3785,13.5,,,Vis.,PEX,,136,,X16815DT,,,,Z,,,,V5855 Sgr,AAVSO,STD,,,,
2457816.93264,<13.0,,,Vis.,SLH,,130,,x17269 pl,,,,Z,,,,V5855 SGR,AAVSO,STD,,,,
2457818.3576,13.8,,,Vis.,PEX,,138,,X16815DT,,,,Z,,,,V5855 Sgr,AAVSO,STD,,,,
2457839.3604,13.7,,,Vis.,PEX,,139,,X16815DT,,,,Z,,,,V5855 Sgr,AAVSO,STD,,,,
2457840.3583,13.6,,,Vis.,PEX,,140,,X16815DT,,,,Z,,,,V5855 Sgr,AAVSO,STD,,,,
2457841.3486,13.7,,,Vis.,PEX,,140,,X16815DT,,,,Z,,,,V5855 Sgr,AAVSO,STD,,,,
2457843.3556,13.8,,,Vis.,PEX,,140,,X16815DT,,,,Z,,,,V5855 Sgr,AAVSO,STD,,,,
2457845.271,13.3,,,Vis.,BNK,Z,128,140,X17279JM,,,,Z,,,,V5855 SGR,AAVSO,STD,,,,
2457872.2750,13.7,,,Vis.,PEX,,140,,X16815DT,,,,Z,,,,V5855 Sgr,AAVSO,STD,,,,
2457873.297,13.8,,,Vis.,PEX,,140,,X16815DT,,,,Z,,,,V5855 Sgr,AAVSO,STD,,,,
2457875.3444,13.8,,,Vis.,PEX,,140,,X16815DT,,,,Z,,,,V5855 Sgr,AAVSO,STD,,,,
2457876.3382,13.8,,,Vis.,PEX,,140,,X16815DT,,,,Z,,,,V5855 Sgr,AAVSO,STD,,,,
2457880.3299,13.8,,,Vis.,PEX,,140,,X16815DT,,,,Z,,,,V5855 Sgr,AAVSO,STD,,,,
2457900.3014,13.9,,,Vis.,PEX,,140,,X16815DT,,,,Z,,,,V5855 Sgr,AAVSO,STD,,,,
2457905.2708,13.8,,,Vis.,PEX,,140,,X16815DT,,,,Z,,,,V5855 Sgr,AAVSO,STD,,,,
2457908.3007,13.8,,,Vis.,PEX,,140,,X16815DT,,,,Z,,,,V5855 Sgr,AAVSO,STD,,,,
2457909.3153,13.8,,,Vis.,PEX,,140,,X16815DT,,,,Z,,,,V5855 Sgr,AAVSO,STD,,,,
2457922.2819,14.0,,,Vis.,PEX,,140,,X16815DT,,,,Z,,,,V5855 Sgr,AAVSO,STD,,,,
2457929.145,13.6,,,Vis.,BNK,Z,134,,'',SP4 V MAGS,,,Z,,,,V5855 SGR,AAVSO,STD,,,,
2457930.1174,13.9,,,Vis.,PEX,,140,,X16815DT,,,,Z,,,,V5855 Sgr,AAVSO,STD,,,,
2457932.1181,13.8,,,Vis.,PEX,,140,,X16815DT,,,,Z,,,,V5855 Sgr,AAVSO,STD,,,,
2457989.0632,14.2,,,Vis.,PEX,,140,,X16815DT,,,,Z,,,,V5855 Sgr,AAVSO,STD,,,,
2457994.0688,14.0,,,Vis.,PEX,,140,,X16815DT,,,,Z,,,,V5855 Sgr,AAVSO,STD,,,,
2458039.007,14.1,,,Vis.,BNK,Z,134,140,'',SP4 MAGS,,,Z,,,,V5855 SGR,AAVSO,STD,,,,
2458189.3556,14.8,,,Vis.,PEX,,140,,X16815DT,,,,Z,,,,V5855 Sgr,AAVSO,STD,,,,
2458205.3597,14.7,,,Vis.,PEX,,140,,X16815DT,,,,Z,,,,V5855 Sgr,AAVSO,STD,,,,
2458222.3382,14.4,,,Vis.,PEX,,137,,X16815DT,,,,Z,,,,V5855 Sgr,AAVSO,STD,,,,
2458223.3625,14.5,,,Vis.,PEX,,NA,,X16815DT,,,,Z,,,,V5855 Sgr,AAVSO,STD,,,,
2458233.3125,14.6,,,Vis.,PEX,,140,,X16815DT,,,,Z,,,,V5855 Sgr,AAVSO,STD,,,,
2458237.3938,14.7,,,Vis.,PEX,,140,,X16815DT,,,,Z,,,,V5855 Sgr,AAVSO,STD,,,,
2458249.3160,14.7,,,Vis.,PEX,,NA,,X16815DT,,,,Z,,,,V5855 Sgr,AAVSO,STD,,,,
2458253.3076,14.7,,,Vis.,PEX,,NA,,X16815DT,,,,Z,,,,V5855 Sgr,AAVSO,STD,,,,
2458257.3021,14.7,,,Vis.,PEX,,NA,,X16815DT,,,,Z,,,,V5855 Sgr,AAVSO,STD,,,,
2458258.3368,14.7,,,Vis.,PEX,,NA,,X16815DT,,,,Z,,,,V5855 Sgr,AAVSO,STD,,,,
2458260.3278,14.9,,,Vis.,PEX,,NA,,X16815DT,,,,Z,,,,V5855 Sgr,AAVSO,STD,,,,
2458262.3201,14.7,,,Vis.,PEX,,NA,,X16815DT,,,,Z,,,,V5855 Sgr,AAVSO,STD,,,,
2458311.1563,14.9,,,Vis.,PEX,,NA,,X16815DT,,,,Z,,,,V5855 Sgr,AAVSO,STD,,,,
2458329.979,15.0,,,Vis.,BNK,V,148,,X17279JM,VERY CROWDED FIELD,,,Z,,,,V5855 SGR,AAVSO,STD,,,,
2458371.0389,<15.0,,,Vis.,PEX,,NA,,X16815DT,,,,Z,,,,V5855 Sgr,AAVSO,STD,,,,
2458560.3486,<14.8,,,Vis.,PEX,,140,,X16815DT,,,,Z,,,,V5855 Sgr,AAVSO,STD,,,,
2458658.75694,<11.3,,,Vis.,YON,,11.3,,X16871XJ,,,,Z,,,,TCP J18102829-2729590,AAVSO,STD,,,,
